Index,Title,Year,Synopsis,Image Filename,URL
1,Honeyland,2019,"Nestled in an isolated mountain region deep within the Balkans, Hatidze Muratova lives with her ailing mother in a village",honeyland.jpg,https://www.rottentomatoes.com/m/honeyland/
2,Minding the Gap,2018,"Compiling over 12 years of footage shot in his hometown of Rockford, IL, in MINDING THE GAP, Bing Liu searches",minding_the_gap.jpg,https://www.rottentomatoes.com/m/minding_the_gap/
3,Glen Campbell: I'll Be Me,2014,"In 2011, music legend Glen Campbell set out on an unprecedented tour across America. They thought it would last 5",glen_campbell_ill_be_me.jpg,https://www.rottentomatoes.com/m/glen_campbell_ill_be_me/
4,Parasite (Gisaengchung),2019,Bong Joon Ho brings his work home to Korea in this pitch-black modern fairytale. Meet the Park Family: the picture,parasite_2019.jpg,https://www.rottentomatoes.com/m/parasite_2019/
5,Shoplifters (Manbiki kazoku),2018,"After one of their shoplifting sessions, Osamu and his son come across a little girl in the freezing cold. At",shoplifters.jpg,https://www.rottentomatoes.com/m/shoplifters/
6,Apollo 11,2019,Apollo 11 is a cinematic space event film fifty years in the making. Featuring never-before-seen large-format film footage of one,apollo_11_2019.jpg,https://www.rottentomatoes.com/m/apollo_11_2019/
7,Amazing Grace,2019,Concert footage from 1972 of Aretha Franklin performing songs from the best-selling gospel album at the New Temple Missionary Baptist,amazing_grace_2018.jpg,https://www.rottentomatoes.com/m/amazing_grace_2018/
8,Jiro Dreams of Sushi,2012,"Jiro Dreams of Sushi is the story of 85 year-old Jiro Ono, considered by many to be the world's greatest",jiro_dreams_of_sushi.jpg,https://www.rottentomatoes.com/m/jiro_dreams_of_sushi/
9,Gloria,2014,"Gloria is a ""woman of a certain age"" but still feels young. Though lonely, she makes the best of her",gloria_2012.jpg,https://www.rottentomatoes.com/m/gloria_2012/
10,Tea With the Dames (Nothing Like a Dame),2018,"What happens when four legends of British stage and screen get together? Dame Maggie Smith, Dame Judi Dench, Dame Eileen",tea_with_the_dames.jpg,https://www.rottentomatoes.com/m/tea_with_the_dames/
11,Portrait of a Lady on Fire (Portrait de la jeune fille en feu),2020,"France, 1760. Marianne is commissioned to paint the wedding portrait of Héloïse, a young woman who has just left the",portrait_of_a_lady_on_fire.jpg,https://www.rottentomatoes.com/m/portrait_of_a_lady_on_fire/
12,Blackfish,2013,"Magnolia Pictures invites you and a guest to attend an advance screening of BLACKFISH, an eye-opening documentary directed by Gabriela",blackfish_2013.jpg,https://www.rottentomatoes.com/m/blackfish_2013/
13,BPM (Beats Per Minute) (120 battements par minute),2017,"In Paris in the early 1990s, a group of activists goes to battle for those stricken with HIV/AIDS, taking on",bpm.jpg,https://www.rottentomatoes.com/m/bpm/
14,Jane,2017,Drawing from over 100 hours of never-before-seen footage that has been tucked away in the National Geographic archives for over,jane.jpg,https://www.rottentomatoes.com/m/jane/
15,Whose Streets?,2017,"Told by the activists and leaders who live and breathe this movement for justice, Whose Streets? is an unflinching look",whose_streets.jpg,https://www.rottentomatoes.com/m/whose_streets/
16,Goldfinger,1964,"To many, the quintessential Bond film and a brilliant third entry in the series. Here Bond gets his Aston Martin,",goldfinger.jpg,https://www.rottentomatoes.com/m/goldfinger/
17,Dina,2017,"Dina's getting married in a few weeks and there's still so much to do. She has to move her boyfriend,",dina_2017.jpg,https://www.rottentomatoes.com/m/dina_2017/
18,Oh Lucy!,2018,"Setsuko is a single, emotionally unfulfilled woman, seemingly stuck with a drab, meaningless life in Tokyo. At least until she's",oh_lucy_2018.jpg,https://www.rottentomatoes.com/m/oh_lucy_2018/
19,Das Boot,1981,"It is 1942 and the German submarine fleet is heavily engaged in the so called ""Battle of the Atlantic"" to",das_boot.jpg,https://www.rottentomatoes.com/m/das_boot/
20,Leaning Into the Wind,2018,LEANING INTO THE WIND is a vibrant journey through the diverse layers of Andy Goldsworthy's world. From urban Edinburgh and,leaning_into_the_wind.jpg,https://www.rottentomatoes.com/m/leaning_into_the_wind/
21,Grave of the Fireflies (Hotaru no haka),1988,"Grave of the Fireflies opens on an evening in 1945, after Japan's surrender at the end of World War II;",grave_of_the_fireflies.jpg,https://www.rottentomatoes.com/m/grave_of_the_fireflies/
22,Mission: Impossible - Fallout,2018,The best intentions often come back to haunt you. MISSION: IMPOSSIBLE - FALLOUT finds Ethan Hunt (Tom Cruise) and his,mission_impossible_fallout.jpg,https://www.rottentomatoes.com/m/mission_impossible_fallout/
23,Booksmart,2019,"The story follows Dever and Feldstein's characters, two academic superstars and best friends who, on the eve of their high",booksmart.jpg,https://www.rottentomatoes.com/m/booksmart/
24,Three Identical Strangers,2018,"Three strangers are reunited by astonishing coincidence after being born identical triplets, separated at birth, and adopted by three different",three_identical_strangers.jpg,https://www.rottentomatoes.com/m/three_identical_strangers/
25,Chicken Run,2000,"A comedy drama set on a Yorkshire chicken farm in 1950s England, the story follows the turbulent romance between Rocky",chicken_run.jpg,https://www.rottentomatoes.com/m/chicken_run/
26,Free Solo,2018,"From award-winning documentary filmmaker E. Chai Vasarhelyi (""MERU"") and world-renowned photographer and mountaineer Jimmy Chin comes National Geographic Documentary Film's",free_solo.jpg,https://www.rottentomatoes.com/m/free_solo/
27,Lucky,2017,LUCKY follows the spiritual journey of a 90-year-old atheist and the quirky characters that inhabit his off the map desert,lucky_2017.jpg,https://www.rottentomatoes.com/m/lucky_2017/
28,Columbus,2017,"When a renowned architecture scholar falls suddenly ill during a speaking tour, his son Jin (John Cho) finds himself stranded",columbus_2017.jpg,https://www.rottentomatoes.com/m/columbus_2017/
29,Border (Gräns),2018,Customs officer Tina is known for her extraordinary sense of smell. It's almost as if she can sniff out the,border_2018.jpg,https://www.rottentomatoes.com/m/border_2018/
30,The Guilty (Den skyldige),2018,"When police officer Asger Holm (Jakob Cedergren) is demoted to desk work, he expects a sleepy beat as an emergency",the_guilty_2018.jpg,https://www.rottentomatoes.com/m/the_guilty_2018/
31,Woman at War (Kona fer í stríð),2019,"Halla is a fifty-year-old independent woman. But behind the scenes of a quiet routine, she leads a double life as",woman_at_war.jpg,https://www.rottentomatoes.com/m/woman_at_war/
32,Toni Morrison: The Pieces I Am,2019,"This artful and intimate meditation on the legendary storyteller examines her life, her works and the powerful themes she has",toni_morrison_the_pieces_i_am.jpg,https://www.rottentomatoes.com/m/toni_morrison_the_pieces_i_am/
33,The Second Mother (Que Horas Ela Volta?),2015,Val spends 13 years working as nanny to Fabinho in Sao Paulo. She is financially stable but has to live,the_second_mother.jpg,https://www.rottentomatoes.com/m/the_second_mother/
34,Good Will Hunting,1997,"The most brilliant mind at America's top university isn't a student, he's the kid who cleans the floors. Will Hunting",good_will_hunting.jpg,https://www.rottentomatoes.com/m/good_will_hunting/
35,Pick of the Litter,2018,PICK OF THE LITTER follows a litter of puppies from the moment they're born and begin their quest to become,pick_of_the_litter.jpg,https://www.rottentomatoes.com/m/pick_of_the_litter/
36,The Cave,2019,"Oscar nominee Feras Fayyad (""Last Men in Aleppo"") delivers an unflinching story of the Syrian war with his powerful new",the_cave_2019.jpg,https://www.rottentomatoes.com/m/the_cave_2019/
37,True Grit,2010,Fourteen-year-old Mattie Ross (Hailee Steinfeld) joins an aging U.S. marshal (Jeff Bridges) and another lawman (Matt Damon) in tracking her,true_grit_2010.jpg,https://www.rottentomatoes.com/m/true_grit_2010/
38,Hunt for the Wilderpeople,2016,"Raised on hip-hop and foster care, defiant city kid Ricky gets a fresh start in the New Zealand countryside. He",hunt_for_the_wilderpeople.jpg,https://www.rottentomatoes.com/m/hunt_for_the_wilderpeople/
39,Tangerine,2015,A working girl tears through Tinseltown on Christmas Eve searching for the pimp who broke her heart. (C) Magnolia,tangerine_2015.jpg,https://www.rottentomatoes.com/m/tangerine_2015/
40,Little Men,2016,"When 13-year-old Jake's (Theo Taplitz) grandfather dies, his family moves from Manhattan back into his father's old Brooklyn home. There,",little_men_2016.jpg,https://www.rottentomatoes.com/m/little_men_2016/
41,Castle in the Sky,1989,A young boy and a girl with a magic crystal must race against pirates and foreign agents in a search for a legendary floating castle.,castle_in_the_sky_1989.jpg,https://www.rottentomatoes.com/m/castle_in_the_sky_1989/
42,Mother (Madeo),2010,"Hye-ja is a single mom to 27-year-old Do-joon. Her son is her raison d'être. Though an adult in years, Do-joon",madeo.jpg,https://www.rottentomatoes.com/m/madeo/
43,The Beatles: Eight Days a Week - The Touring Years,2016,"We all know the moment. February 9th, 1964, 8:12pm EST - after a brief commercial break, four young men from",the_beatles_eight_days_a_week_the_touring_years.jpg,https://www.rottentomatoes.com/m/the_beatles_eight_days_a_week_the_touring_years/
44,GoodFellas,1990,"Martin Scorsese explores the life of organized crime with his gritty, kinetic adaptation of Nicolas Pileggi's best-selling Wiseguy, the true-life",1032176-goodfellas.jpg,https://www.rottentomatoes.com/m/1032176-goodfellas/
45,Little Woods,2019,"Little Woods, North Dakota, a fracking boomtown well beyond its prime. Ollie is trying to survive the last few days",little_woods.jpg,https://www.rottentomatoes.com/m/little_woods/
46,The Full Monty,1997,Six guys with nothing left to lose try losing their clothing for fun and profit in this international hit comedy.,full_monty.jpg,https://www.rottentomatoes.com/m/full_monty/
47,Jawline,2019,"The film follows 16-year-old Austyn Tester, a rising star in the live-broadcast ecosystem who built his following on wide-eyed optimism",jawline.jpg,https://www.rottentomatoes.com/m/jawline/
48,A Taxi Driver,2017,"In this powerful true story set in 1980, a down-on-his-luck taxi driver from Seoul is hired by a foreign journalist",a_taxi_driver_2017.jpg,https://www.rottentomatoes.com/m/a_taxi_driver_2017/
49,Escape From Alcatraz,1979,"No one can escape from Alcatraz, right? Try telling that to lifer Frank Morris (Clint Eastwood). This Donald Siegel-directed nailbiter",escape_from_alcatraz.jpg,https://www.rottentomatoes.com/m/escape_from_alcatraz/
50,A Quiet Place,2018,"In the modern horror thriller A QUIET PLACE, a family of four must navigate their lives in silence after mysterious",a_quiet_place_2018.jpg,https://www.rottentomatoes.com/m/a_quiet_place_2018/
51,If Beale Street Could Talk,2019,"Set in early-1970s Harlem, If Beale Street Could Talk is a timeless and moving love story of both a couple's",if_beale_street_could_talk.jpg,https://www.rottentomatoes.com/m/if_beale_street_could_talk/
52,Gods and Monsters,1998,"Hollywood history comes to life in this tale of the last days of Frankenstein director James Whale, played by Sir",gods_and_monsters.jpg,https://www.rottentomatoes.com/m/gods_and_monsters/
53,Dr. No,1962,James Bond's investigation of a missing colleague in Jamaica leads him to the island of the mysterious Dr. No and,dr_no.jpg,https://www.rottentomatoes.com/m/dr_no/
54,From Russia With Love,1964,Broccoli considered this as one of the best Fleming stories. Connery once again excelled and was well supported by a,from_russia_with_love.jpg,https://www.rottentomatoes.com/m/from_russia_with_love/
55,The Treasure,2016,A hunt for buried treasure sends two men on a surprising comic caper in this Cannes prize-winning charmer from acclaimed,the_treasure_2016.jpg,https://www.rottentomatoes.com/m/the_treasure_2016/
56,Dealt,2017,"One of the most renowned card magicians of all time, Richard Turner astounds audiences around the world with his legendary",dealt.jpg,https://www.rottentomatoes.com/m/dealt/
57,Gilbert,2017,"Gilbert Gottfried found fame in the 1980s, when he became widely known for his off-beat comedy and brash personality. He",gilbert.jpg,https://www.rottentomatoes.com/m/gilbert/
58,The Dark Knight,2008,"Christopher Nolan steps back into the director's chair for this sequel to Batman Begins, which finds the titular superhero coming",the_dark_knight.jpg,https://www.rottentomatoes.com/m/the_dark_knight/
59,RBG,2018,"At the age of 84, U.S. Supreme Court Justice Ruth Bader Ginsburg has developed a breathtaking legal legacy while becoming",rbg.jpg,https://www.rottentomatoes.com/m/rbg/
60,"Life, Animated",2016,"The inspirational story of Owen Suskind, a young man who was unable to speak as a child until he and",life_animated.jpg,https://www.rottentomatoes.com/m/life_animated/
61,Tickled,2016,"After stumbling upon a bizarre ""competitive endurance tickling"" video online, wherein young men are paid to be tied up and",tickled.jpg,https://www.rottentomatoes.com/m/tickled/
62,The Duke Of Burgundy,2015,"Day after day, Cynthia (Sidse Babett Knudsen) and Evelyn (Chiara D'Anna) act out a simple yet provocative ritual that ends",the_duke_of_burgundy.jpg,https://www.rottentomatoes.com/m/the_duke_of_burgundy/
63,Mike Wallace Is Here,2019,"For over half a century, 60 Minutes' fearsome newsman Mike Wallace went head-to-head with the world's most influential figures. Relying",mike_wallace_is_here.jpg,https://www.rottentomatoes.com/m/mike_wallace_is_here/
64,Ask Dr. Ruth,2019,"Ask Dr. Ruth chronicles the incredible life of Dr. Ruth Westheimer, a Holocaust survivor who became America's most famous sex",ask_dr_ruth.jpg,https://www.rottentomatoes.com/m/ask_dr_ruth/
65,Diana Vreeland: The Eye Has To Travel,2012,"During Diana Vreeland's fifty year reign as the ""Empress of Fashion,"" she launched Twiggy, advised Jackie Onassis, and established countless",diana_vreeland_the_eye_has_to_travel_2012.jpg,https://www.rottentomatoes.com/m/diana_vreeland_the_eye_has_to_travel_2012/
66,Raise Hell: The Life & Times of Molly Ivins,2019,"RAISE HELL is a documentary about the celebrated national political columnist and Texan, Molly Ivins who used her razor sharp",raise_hell_the_life_and_times_of_molly_ivins.jpg,https://www.rottentomatoes.com/m/raise_hell_the_life_and_times_of_molly_ivins/
67,Princess Cyd,2017,16-year-old Cyd (Jessie Pinnick) decides to take a break from her depressive single father and spend a summer in Chicago,princess_cyd.jpg,https://www.rottentomatoes.com/m/princess_cyd/
68,Sorry to Bother You,2018,"In an alternate present-day version of Oakland, black telemarketer Cassius Green (Lakeith Stanfield) discovers a magical key to professional success,",sorry_to_bother_you_2018.jpg,https://www.rottentomatoes.com/m/sorry_to_bother_you_2018/
69,Fighting with My Family,2019,FIGHTING WITH MY FAMILY is a heartwarming comedy based on the incredible true story of WWE Superstar Paige(TM). Born into,fighting_with_my_family.jpg,https://www.rottentomatoes.com/m/fighting_with_my_family/
70,50/50,2011,"Inspired by a true story, 50/50 is an original story about friendship, love, survival and finding humor in unlikely places.",5050_2011.jpg,https://www.rottentomatoes.com/m/5050_2011/
71,The Host,2007,When a young girl is snatched away from her father by a horrifying giant monster that emerges from the River,the_host_2007.jpg,https://www.rottentomatoes.com/m/the_host_2007/
72,Thelma,2017,"Thelma, a shy young student, has just left her religious family in a small town on the west coast of",thelma_2017.jpg,https://www.rottentomatoes.com/m/thelma_2017/
73,"Lo and Behold, Reveries of the Connected World",2016,Society depends on the Internet for nearly everything but rarely do we step back and recognize its endless intricacies and,lo_and_behold_reveries_of_the_connected_world.jpg,https://www.rottentomatoes.com/m/lo_and_behold_reveries_of_the_connected_world/
74,Nobody Knows (Dare mo shiranai),2004,Four siblings live happily with their mother in a small apartment in Tokyo. The children all have different fathers and,nobody_knows.jpg,https://www.rottentomatoes.com/m/nobody_knows/
75,Diane,2019,"For Diane (Mary Kay Place), everyone else comes first. Generous but with little patience for self-pity, she spends her days",diane_2019.jpg,https://www.rottentomatoes.com/m/diane_2019/
76,Heathers,1988,"A deliciously nasty black comedy, Heathers is set at a cliquish high school in Ohio. The most exclusive of those",heathers.jpg,https://www.rottentomatoes.com/m/heathers/
77,Kusama: Infinity,2018,"Now the top-selling female artist in the world, Yayoi Kusama overcame countless odds to bring her radical artistic vision to",kusama_infinity.jpg,https://www.rottentomatoes.com/m/kusama_infinity/
78,School Life,2017,"This observational documentary follows a year in the lives of two inspirational teachers at Headfort, the only primary-age boarding school",school_life.jpg,https://www.rottentomatoes.com/m/school_life/
79,National Lampoon's Vacation,1983,"The first film in the Vacation comedy franchise stars Chevy Chase as Clark Griswold, an ad exec who becomes consumed",national_lampoons_vacation.jpg,https://www.rottentomatoes.com/m/national_lampoons_vacation/
80,The Cabin in the Woods,2012,"Five friends go to a remote cabin in the woods. Bad things happen. If you think you know this story,",the_cabin_in_the_woods.jpg,https://www.rottentomatoes.com/m/the_cabin_in_the_woods/
81,Wild Rose,2019,"WILD ROSE tells the complicated story of Rose-Lynn, a woman on a quest to become a country music star, while",wild_rose_2019.jpg,https://www.rottentomatoes.com/m/wild_rose_2019/
82,Monos,2019,"MONOS, Alejandro Landes' third feature, is a survivalist saga set on a remote mountain in Latin America. The film tracks",monos.jpg,https://www.rottentomatoes.com/m/monos/
83,Antz,1998,"Central Park ant drone Z longs to be an individual of accomplishment, but Z's colony is a society that puts",antz.jpg,https://www.rottentomatoes.com/m/antz/
84,Vincere,2010,This unusual and offbeat historical drama rests on a little-known conceit. Though seldom discussed in history books (and reportedly undisclosed,vincere.jpg,https://www.rottentomatoes.com/m/vincere/
85,"Nico, 1988",2018,"NICO, 1988 follows the singer-songwriter, approaching 50, leading a solitary existence in Manchester, far from her 60s glam days as",nico_1988.jpg,https://www.rottentomatoes.com/m/nico_1988/
86,Risky Business,1983,Risky Business is the film in which 19-year-old Tom Cruise dances around his living room in his underwear. He does,1017641-risky_business.jpg,https://www.rottentomatoes.com/m/1017641-risky_business/
87,Crime + Punishment,2018,"Amidst a landmark class action lawsuit over illegal policing quotas, Crime + Punishment chronicles the real lives and struggles of",crime_punishment_2018.jpg,https://www.rottentomatoes.com/m/crime_punishment_2018/
88,In Search of Greatness,2018,IN SEARCH OF GREATNESS is a groundbreaking feature documentary revealing the true nature and nurture of the greatest athletes of,in_search_of_greatness.jpg,https://www.rottentomatoes.com/m/in_search_of_greatness/
89,Up in the Air,2009,"Ryan Bingham, a corporate hatchet man who loves his life on the road, is forced to fight for his job",up_in_the_air_2009.jpg,https://www.rottentomatoes.com/m/up_in_the_air_2009/
90,How to Train Your Dragon: The Hidden World,2019,"Now chief and ruler of Berk alongside Astrid, Hiccup has created a gloriously chaotic dragon utopia. When the sudden appearance",how_to_train_your_dragon_the_hidden_world.jpg,https://www.rottentomatoes.com/m/how_to_train_your_dragon_the_hidden_world/
91,Bumblebee,2018,"On the run in the year 1987, Bumblebee finds refuge in a junkyard in a small Californian beach town. Charlie",bumblebee.jpg,https://www.rottentomatoes.com/m/bumblebee/
92,Support the Girls,2018,"Lisa Conroy is the last person you'd expect to find in a highway-side ""sports bar with curves,""-- but as general",support_the_girls.jpg,https://www.rottentomatoes.com/m/support_the_girls/
93,Hearts Beat Loud,2018,Widower and aging Brooklyn hipster Frank starts a band with his teenage daughter Sam just before she leaves home to,hearts_beat_loud.jpg,https://www.rottentomatoes.com/m/hearts_beat_loud/
94,Luce,2019,"It's been ten years since Amy and Peter Edgar (Naomi Watts and Tim Roth) adopted their son from war-torn Eritrea,",luce.jpg,https://www.rottentomatoes.com/m/luce/
95,The Biggest Little Farm,2019,"A testament to the immense complexity of nature, The Biggest Little Farm follows two dreamers and a dog on an",the_biggest_little_farm.jpg,https://www.rottentomatoes.com/m/the_biggest_little_farm/
96,Standing in the Shadows of Motown,2002,"In 1959, Berry Gordy gathered the best musicians from Detroit's thriving jazz and blues scene to begin cutting songs for",standing_in_the_shadows_of_motown.jpg,https://www.rottentomatoes.com/m/standing_in_the_shadows_of_motown/
97,Eating Animals,2018,How much do you know about the food that's on your plate? Based on the bestselling book by Jonathan Safran,eating_animals.jpg,https://www.rottentomatoes.com/m/eating_animals/
98,Lowlife,2018,"What happens when you throw together a fallen Mexican wrestler with serious rage issues, a just-out-of-prison ex-con with a regrettable",lowlife_2018.jpg,https://www.rottentomatoes.com/m/lowlife_2018/
99,Zero Days,2016,"A documentary thriller about the world of cyberwar. For the first time, the film tells the complete story of Stuxnet,",zero_days.jpg,https://www.rottentomatoes.com/m/zero_days/
100,The Hunchback of Notre Dame,1923,"This second film version of the Victor Hugo novel Notre Dame de Paris (the first was a Theda Bara vehicle,",1010214-hunchback_of_notre_dame.jpg,https://www.rottentomatoes.com/m/1010214-hunchback_of_notre_dame/
101,Zombieland,2009,A cowardly shut-in named Columbus (Jesse Eisenberg) is forced to join up with a seasoned zombie slayer named Tallahassee (Woody,zombieland.jpg,https://www.rottentomatoes.com/m/zombieland/
102,Spider-Man,2002,"After incorporating elements of comic book style and design into many of his films, director Sam Raimi helms this straight-ahead,",spiderman.jpg,https://www.rottentomatoes.com/m/spiderman/
103,Kinsey,2004,Alfred Kinsey was an entomologist who taught at Indiana University and had a keen interest in an area of human,kinsey.jpg,https://www.rottentomatoes.com/m/kinsey/
104,Waiting for Superman,2010,"Every morning, in big cities, suburbs and small towns across America, parents send their children off to school with the",waiting_for_superman.jpg,https://www.rottentomatoes.com/m/waiting_for_superman/
105,Misery,1990,"Adapted from a Stephen King novel, Rob Reiner's Misery cast James Caan as a writer at a career crossroads. The",misery.jpg,https://www.rottentomatoes.com/m/misery/
106,Starfish,2019,"When a mysterious Signal triggers an event that sparks the end of the world, Aubrey Parker is trapped in her",starfish_2019.jpg,https://www.rottentomatoes.com/m/starfish_2019/
107,Divide and Conquer: The Story of Roger Ailes,2018,DIVIDE AND CONQUER: THE STORY OF ROGER AILES sheds light on the current moment in American political life by following,divide_and_conquer_the_story_of_roger_ailes.jpg,https://www.rottentomatoes.com/m/divide_and_conquer_the_story_of_roger_ailes/
108,Akira,1988,"One of the best-known examples of contemporary Japanese animation, this cyberpunk adventure takes place in the post-apocalyptic city of Neo-Tokyo.",akira.jpg,https://www.rottentomatoes.com/m/akira/
109,"I, Tonya",2018,"Based on the unbelievable, but true events, I, TONYA is a darkly comedic tale of American figure skater, Tonya Harding,",i_tonya.jpg,https://www.rottentomatoes.com/m/i_tonya/
110,The Messenger,2009,An Iraq War veteran who just narrowly escaped death in combat struggles with his new post at the Casualty Notification,10011016-messenger.jpg,https://www.rottentomatoes.com/m/10011016-messenger/
111,Missing Link,2019,"This April, meet Mr. Link (Galifianakis): 8 feet tall, 630 lbs, and covered in fur, but don't let his appearance",missing_link_2019.jpg,https://www.rottentomatoes.com/m/missing_link_2019/
112,Venus in Fur,2014,"Based on the Tony Award-winning Broadway play by David Ives, which itself was based on Leopold von Sacher-Masoch's groundbreaking novella,",venus_in_fur.jpg,https://www.rottentomatoes.com/m/venus_in_fur/
113,Rare Exports: A Christmas Tale,2010,"It's the eve of Christmas in northern Finland, and an 'archeological' dig has just unearthed the real Santa Claus. But",rare_exports.jpg,https://www.rottentomatoes.com/m/rare_exports/
114,78/52: Hitchcock's Shower Scene,2017,"The screeching strings, the plunging knife, the slow zoom out from a lifeless eyeball: in 1960, Alfred Hitchcock's Psycho changed",7852_hitchcocks_shower_scene.jpg,https://www.rottentomatoes.com/m/7852_hitchcocks_shower_scene/
115,Plus One,2019,Single college friends Ben and Alice band together to survive a summer full of weddings in which everyone around them,plus_one_2019.jpg,https://www.rottentomatoes.com/m/plus_one_2019/
116,The Childhood of a Leader,2016,"A child's angelic face conceals a budding sociopath in the audacious, senses-shattering feature debut from actor Brady Corbet. A powerhouse",the_childhood_of_a_leader.jpg,https://www.rottentomatoes.com/m/the_childhood_of_a_leader/
117,Blazing Saddles,1974,"Vulgar, crude, and occasionally scandalous in its racial humor, this hilarious bad-taste spoof of Westerns, co-written by Richard Pryor, features",blazing_saddles.jpg,https://www.rottentomatoes.com/m/blazing_saddles/
118,Framing John DeLorean,2019,"Framing John DeLorean recounts the extraordinary life and legend of the controversial automaker, tracing his meteoric rise through the ranks",framing_john_delorean.jpg,https://www.rottentomatoes.com/m/framing_john_delorean/
119,Prospect,2018,"A teenage girl and her father travel to a remote alien moon, aiming to strike it rich. They've secured a",prospect_2018.jpg,https://www.rottentomatoes.com/m/prospect_2018/
120,First Girl I Loved,2016,"A high-school love triangle develops when Anne falls for a girl on the softball team, inadvertently dashing the hopes of",first_girl_i_loved.jpg,https://www.rottentomatoes.com/m/first_girl_i_loved/
121,Annihilation,2018,"Based on Jeff VanderMeer's best-selling Southern Reach Trilogy, Annihilation stars Natalie Portman, Jennifer Jason Leigh, Gina Rodriguez, Tessa Thompson, Tuva",annihilation.jpg,https://www.rottentomatoes.com/m/annihilation/
122,Let Me In,2010,"Twelve-year old Owen is viciously bullied by his classmates and neglected by his divorcing parents. Achingly lonely, Owen spends his",let_me_in.jpg,https://www.rottentomatoes.com/m/let_me_in/
123,Rango,2011,"Rango is a sheltered chameleon living as an ordinary family pet, while facing a major identity crisis. After all, how",rango.jpg,https://www.rottentomatoes.com/m/rango/
124,Lady Macbeth,2017,"Rural England, 1865. Katherine (Florence Pugh) is stifled by her loveless marriage to a bitter man twice her age, whose",lady_macbeth.jpg,https://www.rottentomatoes.com/m/lady_macbeth/
125,Arbitrage,2012,"When we first meet New York hedge-fund magnate Robert Miller (Richard Gere) on the eve of his 60th birthday, he",arbitrage.jpg,https://www.rottentomatoes.com/m/arbitrage/
126,Whitney,2018,Whitney Houston broke more music industry records than any other female singer in history. With over 200 million album sales,whitney_2018.jpg,https://www.rottentomatoes.com/m/whitney_2018/
127,Hounds of Love,2017,"In suburban Perth during the mid 1980s, people are unaware that women are disappearing at the hands of serial killer",hounds_of_love.jpg,https://www.rottentomatoes.com/m/hounds_of_love/
128,Coherence,2014,"On the night of an astronomical anomaly, eight friends at a dinner party experience a troubling chain of reality bending",coherence_2013.jpg,https://www.rottentomatoes.com/m/coherence_2013/
129,"Love, Gilda",2018,"LOVE, GILDA opens a unique window into the honest and whimsical world of beloved performer Gilda Radner, whose greatest role",love_gilda.jpg,https://www.rottentomatoes.com/m/love_gilda/
130,Meeting Gorbachev,2019,"Werner Herzog and André Singer's riveting documentary, filled with unforgettable archive materials and based on three long interviews, provides incredible",meeting_gorbachev.jpg,https://www.rottentomatoes.com/m/meeting_gorbachev/
131,Turtles Can Fly,2005,"Turtles Can Fly, written and directed by Bahman Ghobadi (Marooned in Iraq, A Time for Drunken Horses) takes place in",turtles_can_fly.jpg,https://www.rottentomatoes.com/m/turtles_can_fly/
132,True Grit,1969,"In fine Hollywood tradition, John Wayne had to play a ""one-eyed fat man"" before the Motion Picture Academy considered him",true_grit.jpg,https://www.rottentomatoes.com/m/true_grit/
133,Boom for Real: The Late Teenage Years of Jean-Michel Basquiat,2018,"A look at Jean-Michel Basquiat's life pre-fame, and how New York City, the times, the people and the movements around",boom_for_real_the_late_teenage_years_of_jean_michel_basquiat.jpg,https://www.rottentomatoes.com/m/boom_for_real_the_late_teenage_years_of_jean_michel_basquiat/
134,Thunderball,1965,"Thunderball finds James Bond matching wits with the sinister espionage organization S.P.E.C.T.R.E, (which stands for Special Executive for Counterintelligence, Terrorism,",thunderball.jpg,https://www.rottentomatoes.com/m/thunderball/
135,The Sisters Brothers,2018,"From acclaimed director Jacques Audiard (Rust and Bone, A Prophet), and based on the novel by Patrick deWitt, THE SISTERS",the_sisters_brothers.jpg,https://www.rottentomatoes.com/m/the_sisters_brothers/
136,Notes on a Scandal,2006,"Two women, caught up in a drama of need and betrayal, are at the heart of the psychological thriller ""Notes",notes_on_a_scandal.jpg,https://www.rottentomatoes.com/m/notes_on_a_scandal/
137,The Skeleton Twins,2014,"When estranged twins Maggie (Kristen Wiig) and Milo (Bill Hader) feel they're at the end of their ropes, an unexpected",the_skeleton_twins.jpg,https://www.rottentomatoes.com/m/the_skeleton_twins/
138,Non-Fiction (Doubles vies),2019,"Juliette Binoche and Guillame Canet reunite with acclaimed director Olivier Assayas for this wry, slyly seductive tale of sex, lies,",non_fiction.jpg,https://www.rottentomatoes.com/m/non_fiction/
139,What They Had,2018,"From first-time writer/director Elizabeth Chomko, WHAT THEY HAD centers on a family in crisis. Bridget (Hilary Swank) returns home to",what_they_had.jpg,https://www.rottentomatoes.com/m/what_they_had/
140,Megan Leavey,2017,MEGAN LEAVEY is based on the true life story of a young marine corporal (Kate Mara) whose unique discipline and,megan_leavey.jpg,https://www.rottentomatoes.com/m/megan_leavey/
141,A Brilliant Young Mind,2015,This heart-warming and life-affirming story follows the unconventional and hilarious relationship between student and teacher - whose roles are often,a_brilliant_young_mind.jpg,https://www.rottentomatoes.com/m/a_brilliant_young_mind/
142,Swingers,1996,"An ensemble comedy about five guys, all in their 20s, all coping with the mysteries of life and women, set",swingers.jpg,https://www.rottentomatoes.com/m/swingers/
143,Star Trek II: The Wrath of Khan,1982,Star Trek II: The Wrath of Khan is fondly regarded as being the closest in spirit to the 1966-69 TV,star_trek_ii_the_wrath_of_khan.jpg,https://www.rottentomatoes.com/m/star_trek_ii_the_wrath_of_khan/
144,Depraved,2019,The legend of Frankenstein gets a provocative modern update in the stylishly disturbing new film from indie horror master Larry,depraved.jpg,https://www.rottentomatoes.com/m/depraved/
145,Ballet 422,2015,"Cinematographer and documentarian Jody Lee Lipes crafts an intimate, fly-on-the-wall documentary offering a rare peek into the highly-guarded world of",ballet_422.jpg,https://www.rottentomatoes.com/m/ballet_422/
146,The Nightingale,2019,THE NIGHTINGALE is a meditation on the consequences of violence and the price of seeking vengeance. Set during the colonization,the_nightingale_2019.jpg,https://www.rottentomatoes.com/m/the_nightingale_2019/
147,Ingrid Goes West,2017,"Ingrid Thorburn (Aubrey Plaza) is an unhinged social media stalker with a history of confusing ""likes"" for meaningful relationships. Taylor",ingrid_goes_west.jpg,https://www.rottentomatoes.com/m/ingrid_goes_west/
148,Professor Marston & The Wonder Women,2017,"In a superhero origin tale unlike any other, the film is the incredible true story of what inspired Harvard psychologist",professor_marston_and_the_wonder_women.jpg,https://www.rottentomatoes.com/m/professor_marston_and_the_wonder_women/
149,The Wolfpack,2015,"Locked away from society in an apartment on the Lower East Side of Manhattan, the Angulo brothers learn about the",the_wolfpack.jpg,https://www.rottentomatoes.com/m/the_wolfpack/
150,Let the Sunshine In (Un beau soleil intérieur),2018,"Juliette Binoche delivers a luminous performance in the deliciously witty, sensuously romantic new film from acclaimed director Claire Denis (White",let_the_sunshine_in.jpg,https://www.rottentomatoes.com/m/let_the_sunshine_in/
151,Meek's Cutoff,2011,"The year is 1845, the earliest days of the Oregon Trail, and a wagon train of three families has hired",meeks_cutoff.jpg,https://www.rottentomatoes.com/m/meeks_cutoff/
152,Blade of the Immortal (Mugen no jûnin),2017,"Samurai Manji has taken a lot of lives, both innocent and guilty, and now lives life in feudal Japan as",blade_of_the_immortal.jpg,https://www.rottentomatoes.com/m/blade_of_the_immortal/
153,The Graduate,1967,"""One word: plastics."" ""Are you here for an affair?"" These lines and others became cultural touchstones, as 1960s youth rebellion",graduate.jpg,https://www.rottentomatoes.com/m/graduate/
154,Grace Jones: Bloodlight and Bami,2018,This electrifying journey through the public and private worlds of pop culture mega-icon Grace Jones contrasts musical sequences with intimate,grace_jones_bloodlight_and_bami.jpg,https://www.rottentomatoes.com/m/grace_jones_bloodlight_and_bami/
155,Monsters and Men,2018,"One night, in front of a bodega in Brooklyn's Bed-Stuy neighborhood, Manny Ortega witnesses a white police officer wrongfully gun",monsters_and_men.jpg,https://www.rottentomatoes.com/m/monsters_and_men/
156,The Gospel According to André,2018,André Leon Talley has been a fixture in the world of fashion for so long that it's difficult to imagine,the_gospel_according_to_andre.jpg,https://www.rottentomatoes.com/m/the_gospel_according_to_andre/
157,M*A*S*H,1970,"Although he was not the first choice to direct it, the hit black comedy MASH established Robert Altman as one",mash.jpg,https://www.rottentomatoes.com/m/mash/
158,The 12th Man,2018,"This breathtaking action adventures tells an incredible true-life story of heroism and a man's unbreakable will to live. Norway, 1943:",the_12th_man.jpg,https://www.rottentomatoes.com/m/the_12th_man/
159,A Simple Favor,2018,"A SIMPLE FAVOR, a stylish post-modern film noir directed by Paul Feig, centers around Stephanie (Anna Kendrick), a mommy blogger",a_simple_favor.jpg,https://www.rottentomatoes.com/m/a_simple_favor/
160,Kill Bill: Volume 1,2003,An entire wedding party is slaughtered during a dress rehearsal in a rural chapel: the pregnant woman in the blood-splattered,kill_bill_vol_1.jpg,https://www.rottentomatoes.com/m/kill_bill_vol_1/
161,The Square,2017,"Christian is the respected curator of a contemporary art museum, a divorced but devoted father of two who drives an",the_square_2017.jpg,https://www.rottentomatoes.com/m/the_square_2017/
162,Wonder,2017,"Based on the New York Times bestseller, WONDER tells the inspiring and heartwarming story of August Pullman. Born with facial",wonder.jpg,https://www.rottentomatoes.com/m/wonder/
163,The Descent,2006,A group of close female friends on a yearly adventure vacation find themselves trapped and hunted in a series of,descent.jpg,https://www.rottentomatoes.com/m/descent/
164,Loving Vincent,2017,This feature-length painted animation -- the first film of its kind -- explores the life and unusual death of Vincent,loving_vincent.jpg,https://www.rottentomatoes.com/m/loving_vincent/
165,Bend It Like Beckham,2003,"An Indian family in London tries to raise their soccer-playing daughter in a traditional way. Unlike her traditional older sister,",bend_it_like_beckham.jpg,https://www.rottentomatoes.com/m/bend_it_like_beckham/
166,Beach Rats,2017,"On the outskirts of Brooklyn, Frankie, an aimless teenager, suffocates under the oppressive glare cast by his family and a",beach_rats_2017.jpg,https://www.rottentomatoes.com/m/beach_rats_2017/
167,Experimenter,2015,"In 1961, social psychologist Stanley Milgram conducted the ""obedience experiments"" at Yale University. The experiments observed the responses of ordinary",experimenter.jpg,https://www.rottentomatoes.com/m/experimenter/
168,La princesse de Montpensier (The Princess of Montpensier),2011,"France, 1562. Against a background of the savage Catholic/Protestant wars, Marie de Mézières (Mélanie Thierry), a beautiful young aristocrat, and",la_princesse_de_montpensier.jpg,https://www.rottentomatoes.com/m/la_princesse_de_montpensier/
169,Under the Tree (Undir trénu),2018,UNDER THE TREE follows a man who is accused of adultery and forced to move in with his parents. While,under_the_tree.jpg,https://www.rottentomatoes.com/m/under_the_tree/
170,Untouchable,2019,"The inside story of the rise and fall of Harvey Weinstein reveals how, over decades, he acquires and protects his",untouchable_2019.jpg,https://www.rottentomatoes.com/m/untouchable_2019/
171,Love After Love,2018,"What happens when you lose the foundation of your family? In the wake of a husband and father's death, the",love_after_love_2018.jpg,https://www.rottentomatoes.com/m/love_after_love_2018/
172,Creed II,2018,"Life has become a balancing act for Adonis Creed. Between personal obligations and training for his next big fight, he",creed_ii.jpg,https://www.rottentomatoes.com/m/creed_ii/
173,Batman Begins,2005,The origins of the Caped Crusader of Gotham City are finally brought to the big screen in this new adaptation,batman_begins.jpg,https://www.rottentomatoes.com/m/batman_begins/
174,Kill Bill: Volume 2,2004,Quentin Tarantino's sprawling homage to action films of both the East and the West reaches its conclusion in this continuation,kill_bill_volume_2.jpg,https://www.rottentomatoes.com/m/kill_bill_volume_2/
175,The Lincoln Lawyer,2011,"Matthew McConaughey stars in this legal thriller as a low-rent defense attorney named Mickey Haller. Most of the time, Mickey",lincoln_lawyer.jpg,https://www.rottentomatoes.com/m/lincoln_lawyer/
176,The Art of Self-Defense,2019,"After he's attacked on the street at night by a roving motorcycle gang, timid bookkeeper Casey (Jesse Eisenberg) joins a",the_art_of_self_defense_2019.jpg,https://www.rottentomatoes.com/m/the_art_of_self_defense_2019/
177,Borg Vs. McEnroe,2018,"It's the summer of 1980 and Björn Borg (Sverrir Gudnason) is the top tennis player in the world, dominating the",borg_vs_mcenroe.jpg,https://www.rottentomatoes.com/m/borg_vs_mcenroe/
178,Ghost Stories,2018,"Experience three spine-tingling tales of terror to haunt your dreams. A debunker of all thing paranormal, Professor Phillip Goodman (Andy",ghost_stories_2018.jpg,https://www.rottentomatoes.com/m/ghost_stories_2018/
179,The Brink,2019,"When Steve Bannon left his position as White House chief strategist less than a week after the Charlottesville ""Unite the",the_brink_2019.jpg,https://www.rottentomatoes.com/m/the_brink_2019/
180,Big Time Adolescence,2020,A seemingly bright and mostly innocent 16-year-old named Mo (Griffin Gluck) attempts to navigate high school under the guidance of,big_time_adolescence.jpg,https://www.rottentomatoes.com/m/big_time_adolescence/
181,Dior and I,2015,Frédéric Tcheng's solo directorial debut brings the viewer inside the storied world of the Christian Dior fashion house with a,dior_and_i.jpg,https://www.rottentomatoes.com/m/dior_and_i/
182,Villains,2019,"When a pair of amateur criminals break into a suburban home, they stumble upon a dark secret and two sadistic",villains.jpg,https://www.rottentomatoes.com/m/villains/
183,Romancing the Stone,1984,"In this film, adventure writer Kathleen Turner learns that her sister is being held prisoner by evil art dealers in",romancing_the_stone.jpg,https://www.rottentomatoes.com/m/romancing_the_stone/
184,The Time That Remains,2011,"An intimate semi-biographical portrait of Palestinians living as a minority in their own homeland between 1948 and the present day,",time_that_remains.jpg,https://www.rottentomatoes.com/m/time_that_remains/
185,Detroit,2017,"From the Academy Award winning director of THE HURT LOCKER and ZERO DARK THIRTY, DETROIT tells the gripping story of",detroit_2017.jpg,https://www.rottentomatoes.com/m/detroit_2017/
186,Warrior,2011,"Haunted by a tragic past, ex-Marine Tommy Conlon (Hardy) returns home for the first time in fourteen years to enlist",1212910-warrior.jpg,https://www.rottentomatoes.com/m/1212910-warrior/
187,"Juliet, Naked",2018,Annie (Rose Byrne) is stuck in a long-term relationship with Duncan (Chris O'Dowd) -- an obsessive fan of obscure rocker,juliet_naked.jpg,https://www.rottentomatoes.com/m/juliet_naked/
188,The Overnight,2015,"Alex (Adam Scott), Emily (Taylor Schilling), and their son, RJ, have recently moved to​ ​Los Angeles' Eastside from Seattle. Feeling",the_overnight_2015.jpg,https://www.rottentomatoes.com/m/the_overnight_2015/
189,Drinking Buddies,2013,"Luke and Kate are co-workers at a Chicago brewery, where they spend their days drinking and flirting. They're perfect for",drinking_buddies_2013.jpg,https://www.rottentomatoes.com/m/drinking_buddies_2013/
190,Dogman,2019,"In a seaside village on the outskirts of an Italian city, where the only law seems to be survival of",dogman_2019.jpg,https://www.rottentomatoes.com/m/dogman_2019/
191,The Wave (Bolgen),2016,"Nestled in Norway's Sunnmøre region, Geiranger is one of the most spectacular tourist draws on the planet. With the mountain",the_wave_2016.jpg,https://www.rottentomatoes.com/m/the_wave_2016/
192,Cold Case Hammarskjöld,2019,"In 1961, United Nations secretary-general Dag Hammarskjöld's plane mysteriously crashed, killing Hammarskjöld and most of the crew. With the case",cold_case_hammarskjold.jpg,https://www.rottentomatoes.com/m/cold_case_hammarskjold/
193,Beyond the Gates,2016,"A retro-cool blast from the day-glo 1980s past, Beyond the Gates zaps viewers back to a time when VHS ruled,",beyond_the_gates_2016.jpg,https://www.rottentomatoes.com/m/beyond_the_gates_2016/
194,The Cleanse,2018,"Johnny Galecki (TV's ""Big Bang Theory) plays Paul Berger, an unemployed, down and out, heartbroken man searching for happiness. When",the_cleanse.jpg,https://www.rottentomatoes.com/m/the_cleanse/
195,Captain Fantastic,2016,"Deep in the forests of the Pacific Northwest, isolated from society, a devoted father (Viggo Mortensen) dedicates his life to",captain_fantastic.jpg,https://www.rottentomatoes.com/m/captain_fantastic/
196,Ben is Back,2018,"19 year-old Ben Burns (Lucas Hedges) unexpectedly returns home to his family's suburban home on Christmas Eve morning. Ben's mother,",ben_is_back_2018.jpg,https://www.rottentomatoes.com/m/ben_is_back_2018/
197,Star Trek VI - The Undiscovered Country,1991,"In this last film centering on the original television series' stars, an ecological disaster forces the Klingons to seek peace",star_trek_vi_the_undiscovered_country.jpg,https://www.rottentomatoes.com/m/star_trek_vi_the_undiscovered_country/
198,Denial,2016,"Based on the acclaimed book History on Trial: My Day in Court with a Holocaust Denier, DENIAL recounts Deborah E.",denial_2016.jpg,https://www.rottentomatoes.com/m/denial_2016/
199,Fast Color,2019,"Hunted by mysterious forces, a young woman (Gugu Mbatha-Raw) with supernatural abilities must go on the run when her powers",fast_color.jpg,https://www.rottentomatoes.com/m/fast_color/
200,Tragedy Girls,2017,Best friends Sadie and McKayla are on a mission to boost their social media fandom as amateur crime reporters hot,tragedy_girls_2017.jpg,https://www.rottentomatoes.com/m/tragedy_girls_2017/
201,Evolution,2016,"10-year-old Nicolas lives with his mother on a remote island, in a village inhabited solely by women and young boys.",evolution_2016.jpg,https://www.rottentomatoes.com/m/evolution_2016/
202,"The Good, the Bad, the Weird (Joheun-nom, Nabbeun-nom, Isanghan-nom)",2010,As the Korean peninsula falls into the hands of Japanese imperialists and countless Koreans seek refuge in the vast wilderness,the_good_the_bad_the_weird.jpg,https://www.rottentomatoes.com/m/the_good_the_bad_the_weird/
203,Pyewacket,2018,"When you're dealing with demons, be careful what you wish for... In this ultra-unsettling occult nightmare, teenage Leah (Nicole Muñoz)",pyewacket.jpg,https://www.rottentomatoes.com/m/pyewacket/
204,Hud,1963,"On a Texas ranch an unruly man is bitter enemies with his elderly father, assaults and abuses the woman housekeeper,",1010174-hud.jpg,https://www.rottentomatoes.com/m/1010174-hud/
205,Super 8,2011,"In the summer of 1979, a group of friends in a small Ohio town witness a catastrophic train crash while",super_8.jpg,https://www.rottentomatoes.com/m/super_8/
206,Colossal,2017,"Gloria is an out-of-work party girl who, after getting kicked out of her apartment by her boyfriend, is forced to",colossal.jpg,https://www.rottentomatoes.com/m/colossal/
207,Overlord,2018,"With only hours until D-Day, a team of American paratroopers drop into Nazi-occupied France to carry out a mission that's",overlord_2018.jpg,https://www.rottentomatoes.com/m/overlord_2018/
208,Abominable,2019,"When teenage Yi (Chloe Bennet, Marvel's Agents of S.H.I.E.L.D.) encounters a young Yeti on the roof of her apartment building",abominable.jpg,https://www.rottentomatoes.com/m/abominable/
209,Instant Family,2018,"When Pete (Mark Wahlberg) and Ellie (Rose Byrne) decide to start a family, they stumble into the world of foster",instant_family.jpg,https://www.rottentomatoes.com/m/instant_family/
210,Europa Report,2013,"A unique blend of documentary, alternative history and science fiction thriller, EUROPA REPORT follows a contemporary mission to Jupiter's moon",europa_report.jpg,https://www.rottentomatoes.com/m/europa_report/
211,The Myth Of The American Sleepover,2011,The Myth of the American Sleepover is a youthful and tender coming-of-age drama from first-time writer/director David Robert Mitchell. In,myth_of_the_ameican_sleepover.jpg,https://www.rottentomatoes.com/m/myth_of_the_ameican_sleepover/
212,That Summer,2018,Welcome to Grey Gardens...as you've never seen it before. Three years before the Maysles' landmark documentary introduced the world to,that_summer_2018.jpg,https://www.rottentomatoes.com/m/that_summer_2018/
213,Midnighters,2018,A New Year's night becomes a long day's journey into dread for one seriously unlucky couple in this wild-ride nerve-twister.,midnighters.jpg,https://www.rottentomatoes.com/m/midnighters/
214,Kiki,2017,"Sundance Selects will release the documentary KIKI, a dynamic coming of age story about resilience and the transformative art form",kiki_2017.jpg,https://www.rottentomatoes.com/m/kiki_2017/
215,Joshy,2016,"After his engagement suddenly ends, Joshy and a few his friends decide to take advantage of what was supposed to",joshy.jpg,https://www.rottentomatoes.com/m/joshy/
216,Little Monsters,2019,"Little Monsters follows Dave (Alexander England), a washed-up musician who volunteers to chaperone his nephew's kindergarten class field trip after",little_monsters_2019.jpg,https://www.rottentomatoes.com/m/little_monsters_2019/
217,Star Trek III - The Search for Spock,1984,"Star Trek II ended with Spock presumed dead, but this film reveals that his consciousness survives within McCoy. Spock's body",star_trek_iii_the_search_for_spock.jpg,https://www.rottentomatoes.com/m/star_trek_iii_the_search_for_spock/
218,The Prince of Egypt,1998,"""My son, I have nothing I can give, but this chance that you may live."" With these words, Yocheved, a",prince_of_egypt.jpg,https://www.rottentomatoes.com/m/prince_of_egypt/
219,Greener Grass,2019,"In a day-glo-colored, bizarro version of suburbia where adults wear braces on their already-straight teeth, everyone drives golf carts, and",greener_grass.jpg,https://www.rottentomatoes.com/m/greener_grass/
220,Southbound,2016,"On a desolate stretch of desert highway, weary travelers-two men on the run from their past, a band on their",southbound.jpg,https://www.rottentomatoes.com/m/southbound/
221,On Her Majesty's Secret Service,1969,Connery's decision to quit as Bond left Broccoli and Saltzman with a headache. The press went into overdrive speculating on,on_her_majestys_secret_service.jpg,https://www.rottentomatoes.com/m/on_her_majestys_secret_service/
222,Before We Vanish (Sanpo suru shinryakusha),2018,"In his twentieth film, acclaimed horror director Kiyoshi Kurosawa reinvents the alien movie as a unique and profoundly human tale",before_we_vanish.jpg,https://www.rottentomatoes.com/m/before_we_vanish/
223,Fyre Fraud,2019,"The Fyre Festival was the defining scam of the millennial generation, at the nexus of social media influence, late-stage capitalism,",fyre_fraud.jpg,https://www.rottentomatoes.com/m/fyre_fraud/
224,The Amazing Johnathan Documentary,2019,"What begins as a documentary following the final tour of a dying magician -- ""The Amazing Johnathan"" -- becomes an",the_amazing_johnathan_documentary.jpg,https://www.rottentomatoes.com/m/the_amazing_johnathan_documentary/
225,Johnny Mad Dog,2011,About child soldiers fighting a war in an unnamed African country.,johnny-mad-dog.jpg,https://www.rottentomatoes.com/m/johnny-mad-dog/
226,Killer Joe,2012,"When 22 year-old drug dealer Chris (Hirsch) has his stash of drugs stolen from him by his mother, he has",killer_joe.jpg,https://www.rottentomatoes.com/m/killer_joe/
227,Dr. Seuss' Horton Hears a Who!,2008,Horton the Elephant struggles to protect a microscopic community from his neighbors who refuse to believe it exists.,horton-hears-a-who2008.jpg,https://www.rottentomatoes.com/m/horton-hears-a-who2008/
228,Veronica Mars,2014,"On the eve of graduating law school, Veronica Mars has put Neptune and her amateur sleuthing days behind her. While",veronica_mars.jpg,https://www.rottentomatoes.com/m/veronica_mars/
229,The Spy Who Loved Me,1977,Roger Moore as agent 007 teams up with a beautiful Soviet agent (Barbara Bach) to battle Stromberg (Curt Jurgens) in,spy_who_loved_me.jpg,https://www.rottentomatoes.com/m/spy_who_loved_me/
230,It's a Disaster,2013,"Eight friends meet for their monthly ""couples brunch."" But what starts as an impromptu therapy session / airing of domestic",its_a_disaster.jpg,https://www.rottentomatoes.com/m/its_a_disaster/
231,Baskin,2016,A five-man unit of cops on night patrol get more than they bargain for when they arrive at a creepy,baskin.jpg,https://www.rottentomatoes.com/m/baskin/
232,Sangre De Mi Sangre,2007,"Writer/director Christopher Zalla authored and helms the contemporary post-noir thriller Blood of My Blood. The film concerns Juan, a ruthless",sangre_de_mi_sangre.jpg,https://www.rottentomatoes.com/m/sangre_de_mi_sangre/
233,Bad Reputation,2018,"Joan Jett is so much more than ""I Love Rock 'n' Roll."" It's true, she became mega-famous from the number-one",bad_reputation_2018.jpg,https://www.rottentomatoes.com/m/bad_reputation_2018/
234,The Green Mile,1999,"Director Frank Darabont, who made an acclaimed feature film debut with The Shawshank Redemption (1994), based on a Stephen King",green_mile.jpg,https://www.rottentomatoes.com/m/green_mile/
235,The Hero,2017,"Lee Hayden (Sam Elliott) is an aging Western icon with a golden voice, but his best performances are decades behind",the_hero_2017.jpg,https://www.rottentomatoes.com/m/the_hero_2017/
236,GoldenEye,1995,A beautiful Russian mobster and the evil General Ourumov take over a Space Weapons Control Station and arm an attack,goldeneye.jpg,https://www.rottentomatoes.com/m/goldeneye/
237,Loro,2019,"Seduction, glamour, corruption, drugs and raucous poolside parties: the life and times of scandal-plagued Silvio Berlusconi have long-demanded a screen",loro_2019.jpg,https://www.rottentomatoes.com/m/loro_2019/
238,The First Monday in May,2016,"The First Monday in May follows the creation of The Metropolitan Museum of Art's most attended fashion exhibition in history,",the_first_monday_in_may.jpg,https://www.rottentomatoes.com/m/the_first_monday_in_may/
239,The Clovehitch Killer,2018,A shocking revelation turns a teenage boy's world upside down in this chilling look at the evil that can lurk,the_clovehitch_killer.jpg,https://www.rottentomatoes.com/m/the_clovehitch_killer/
240,Rocky Balboa,2006,The greatest underdog story of our time is back for one final round of the Academy Award-winning Rocky franchise. Former,rocky_balboa.jpg,https://www.rottentomatoes.com/m/rocky_balboa/
241,Anna and the Apocalypse,2018,A zombie apocalypse threatens the sleepy town of Little Haven -- at Christmas -- forcing Anna and her friends to,anna_and_the_apocalypse.jpg,https://www.rottentomatoes.com/m/anna_and_the_apocalypse/
242,The Cooler,2003,Writer/director Wayne Kramer offers a glimpse into the aging Las Vegas casino world with the romantic drama The Cooler. Bernie,cooler.jpg,https://www.rottentomatoes.com/m/cooler/
243,Steve Jobs: Man in the Machine,2015,"A look at the personal and private life of the late Apple CEO, Steve Jobs.",steve_jobs_man_in_the_machine.jpg,https://www.rottentomatoes.com/m/steve_jobs_man_in_the_machine/
244,I Kill Giants,2018,"An oddball girl named Barbara Thorson regularly brings a Norse warhammer to her middle school, and has a detailed imaginary",i_kill_giants.jpg,https://www.rottentomatoes.com/m/i_kill_giants/
245,Licence To Kill,1989,"For his second outing as James Bond, Timothy Dalton is working on his own rather than on behalf of the",licence_to_kill.jpg,https://www.rottentomatoes.com/m/licence_to_kill/
246,The Standoff at Sparrow Creek,2019,"After a mass shooting at a police funeral, reclusive ex-cop Gannon finds himself unwittingly forced out of retirement when he",the_standoff_at_sparrow_creek.jpg,https://www.rottentomatoes.com/m/the_standoff_at_sparrow_creek/
247,The Escape,2018,"A woman sets out to reclaim her life in this stirring, emotionally rich look at what it means to start",the_escape_2018.jpg,https://www.rottentomatoes.com/m/the_escape_2018/
248,The China Hustle,2018,From the producers of ENRON: THE SMARTEST GUYS IN THE ROOM comes a Wall Street heist story about a still-unfolding,the_china_hustle.jpg,https://www.rottentomatoes.com/m/the_china_hustle/
249,The Party's Just Beginning,2018,"The film begins with the life of Liusaidh (Karen Gillan), a young Scottish woman living with her parents in the",the_partys_just_beginning.jpg,https://www.rottentomatoes.com/m/the_partys_just_beginning/
250,Hotel Mumbai,2019,"A gripping true story of humanity and heroism, HOTEL MUMBAI vividly recounts the 2008 siege of the famed Taj Hotel",hotel_mumbai.jpg,https://www.rottentomatoes.com/m/hotel_mumbai/
